block_number,blockchain,tx_hash,debt_vault_address,collateral_vault_address,unit_of_account,debt_token_amount,debt_price,collateral_token_amount,collateral_price,oracle_address
26383016,base,0x6af4cb3023e868e05706a17cfeda16749811237b0388c67308fbb8ae5a242d57,0x859160db5841e5cfb8d3f144c6b3381a85a4b410,0x0a1a3b5f2041f33522c4efc754a7d096f880ee16,0x0000000000000000000000000000000000000348,8122874166226296.0,,22568464.0,,0x6e183458600e66047a0f4d356d9daa480da1ca59
25203963,base,0x9279971d2a8ed1147dd88ccff064a88686e1b35cc42c10877d0b8b3c1fa63c88,0x3f0d3fd87a42bdaa3dfcc13ada42ea922e638a7a,0x859160db5841e5cfb8d3f144c6b3381a85a4b410,0x0000000000000000000000000000000000000348,16601.0,,5309384287349115.0,,0x6e183458600e66047a0f4d356d9daa480da1ca59
26382957,base,0xe75f552ee8f3ee139cf482809f6e7a55b00d2832cf81f7dad4941d3e079661a5,0x859160db5841e5cfb8d3f144c6b3381a85a4b410,0x0a1a3b5f2041f33522c4efc754a7d096f880ee16,0x0000000000000000000000000000000000000348,6426294445020791.0,,17737627.0,,0x6e183458600e66047a0f4d356d9daa480da1ca59
25032910,base,0x8397d01a46bf401a947ab54628fd92c16f5621fb8299ace15aacbcca3277442d,0x882018411bc4a020a879cee183441fc9fa5d7f8b,0x0a1a3b5f2041f33522c4efc754a7d096f880ee16,0x0000000000000000000000000000000000000348,22579.0,,21931473.0,,0x6e183458600e66047a0f4d356d9daa480da1ca59
21748308,ethereum,0xe1d6f32df7fe57a7f1e6a42a34be20a3a9397a4ce2f9e3b20ecb5ac45306628c,0xd8b27cf359b7d15710a5be299af6e7bf904984c2,0x797dd80692c3b2dadabce8e30c07fde5307d48a9,0x0000000000000000000000000000000000000348,6.733695728798677e+16,224.1642364668632,226569059.0,231.0714435322639,0x83b3b76873d36a28440cf53371df404c42497136
25873124,base,0xe2ef4d95da50709d225485be2e63e9b0cee1e8a3c917dda4e27faa3c58c0e077,0x0a1a3b5f2041f33522c4efc754a7d096f880ee16,0x859160db5841e5cfb8d3f144c6b3381a85a4b410,0x0000000000000000000000000000000000000348,34341111.0,,1.2006354721924828e+16,,0x6e183458600e66047a0f4d356d9daa480da1ca59
21557708,ethereum,0x2444dc8cea8588a137b6cfdb5f5f847c6f502bd7432dc2d76f79216ce816c14a,0x1e548cfce5fcf17247e024ef06d32a01841ff404,0x797dd80692c3b2dadabce8e30c07fde5307d48a9,0x0000000000000000000000000000000000000348,6.069101834751126e+18,6.217262782009374,6662595.0,6.74420287714404,0x83b3b76873d36a28440cf53371df404c42497136
26101602,base,0xad1ee8012bb79430900d62994272695a9f9c4025908cebea5364dc959e087aeb,0x0a1a3b5f2041f33522c4efc754a7d096f880ee16,0x859160db5841e5cfb8d3f144c6b3381a85a4b410,0x0000000000000000000000000000000000000348,278316.0,,112307134331030.0,,0x6e183458600e66047a0f4d356d9daa480da1ca59
20692763,ethereum,0xd0509867470e32ad2a40d7dccd9fa4131669f965faf48ce7109334d41bcaee7e,0x797dd80692c3b2dadabce8e30c07fde5307d48a9,0xd8b27cf359b7d15710a5be299af6e7bf904984c2,0x0000000000000000000000000000000000000348,18108117688.0,18108.157344777737,8.074426936596344e+18,18304.576008106265,0x83b3b76873d36a28440cf53371df404c42497136
26086015,base,0x486d554530cc1eb5f8d6d256a533b7aa6ec40bc6b1db7cf9f017220adc520e13,0x0a1a3b5f2041f33522c4efc754a7d096f880ee16,0x859160db5841e5cfb8d3f144c6b3381a85a4b410,0x0000000000000000000000000000000000000348,13172656.0,,5070302744785562.0,,0x6e183458600e66047a0f4d356d9daa480da1ca59
21557858,ethereum,0x772b93901dc3bfc2414f4f71b70d06b5614230916f7588885ccaf3c655f325e8,0x67e4e4e73947257ca62d118e0fbc56d06f11d96f,0x27052ea5e307b6e8566d9ee560231c6742a6c03c,0x0000000000000000000000000000000000000348,1.2194139051652352e+16,44.06278981480268,48959825.0,48.95865534978075,0xa62fa63445fada0e90949778f8c84003f6d69004
26015536,base,0x88dec3819e9c0bc03318d9ebbeb1deed2e1e713894fec5dec50dfd4007139485,0x859160db5841e5cfb8d3f144c6b3381a85a4b410,0x0a1a3b5f2041f33522c4efc754a7d096f880ee16,0x0000000000000000000000000000000000000348,6646376024820900.0,,18902393.0,,0x6e183458600e66047a0f4d356d9daa480da1ca59
26304773,base,0xd8e6f2f9d0edf534eba504e9f2f9685f76b117a55ccf181634d59f99538b96a5,0x859160db5841e5cfb8d3f144c6b3381a85a4b410,0x0a1a3b5f2041f33522c4efc754a7d096f880ee16,0x0000000000000000000000000000000000000348,9319887154031172.0,,25665138.0,,0x6e183458600e66047a0f4d356d9daa480da1ca59
21557731,ethereum,0xa673593c10da7394dc73b359ac30e086deeb6c685204158f879868c5baaea948,0x797dd80692c3b2dadabce8e30c07fde5307d48a9,0x44a107dff1e589f40b22bcbb3757bececead534e,0x0000000000000000000000000000000000000348,25029358.0,25.02876004863738,2.944560005722045e+19,29.44560005722045,0x83b3b76873d36a28440cf53371df404c42497136
25008933,base,0xb315a8757ec76bbb8c869b7375874847fa6d33e7d7417807b6fa5c71baa05777,0x859160db5841e5cfb8d3f144c6b3381a85a4b410,0x0a1a3b5f2041f33522c4efc754a7d096f880ee16,0x0000000000000000000000000000000000000348,270887122993.0,,852.0,,0x6e183458600e66047a0f4d356d9daa480da1ca59
25774229,base,0x2c2bb25e541e26a1bda06da34c5474faae74a070f3b1e7885f68dc077edc92cd,0x859160db5841e5cfb8d3f144c6b3381a85a4b410,0x0a1a3b5f2041f33522c4efc754a7d096f880ee16,0x0000000000000000000000000000000000000348,6899528087856992.0,,23606467.0,,0x6e183458600e66047a0f4d356d9daa480da1ca59
26219348,base,0x952d120c8a83cb034226d6c100630e223e3927eb6d918b1ae41a732a9347ffa9,0x0a1a3b5f2041f33522c4efc754a7d096f880ee16,0x859160db5841e5cfb8d3f144c6b3381a85a4b410,0x0000000000000000000000000000000000000348,11134874.0,,4419777580187841.0,,0x6e183458600e66047a0f4d356d9daa480da1ca59
26305131,base,0x097acd81d6f22367e1ba24706fcdd3e2e83e6a11d768f8c6cebc582cbda41020,0x859160db5841e5cfb8d3f144c6b3381a85a4b410,0x0a1a3b5f2041f33522c4efc754a7d096f880ee16,0x0000000000000000000000000000000000000348,7605747756567150.0,,21156833.0,,0x6e183458600e66047a0f4d356d9daa480da1ca59
25624856,base,0xc44dbf254a3463e9806c07efdf6fcc773fa2e3e78333d7fe2cb353ad639f4a7b,0x859160db5841e5cfb8d3f144c6b3381a85a4b410,0x0a1a3b5f2041f33522c4efc754a7d096f880ee16,0x0000000000000000000000000000000000000348,7939930648096356.0,,25769480.0,,0x6e183458600e66047a0f4d356d9daa480da1ca59
21339289,ethereum,0x7f9d969c1d557dc41e9d9b05dd1071e530a7fe818ffaa457dc05fa6186abe716,0x056f3a2e41d2778d3a0c0714439c53af2987718e,0xbc35161043ee2d74816d421efd6a45fda73b050a,0x0000000000000000000000000000000000000348,278970626.0,276064.58184411365,293735690.0,277113.8657712,0x83b3b76873d36a28440cf53371df404c42497136
25012400,base,0xce34555bb3dbf0b610b7fedc571fc63dad2c19a40ccf44df8a924892a2a60339,0x859160db5841e5cfb8d3f144c6b3381a85a4b410,0x0a1a3b5f2041f33522c4efc754a7d096f880ee16,0x0000000000000000000000000000000000000348,7378107092787249.0,,23295810.0,,0x6e183458600e66047a0f4d356d9daa480da1ca59
25879596,base,0x00c29cb8d301809939e6a2ea0afa8d87d9027315f9fde9e4ed52765955b46a22,0x0a1a3b5f2041f33522c4efc754a7d096f880ee16,0x859160db5841e5cfb8d3f144c6b3381a85a4b410,0x0000000000000000000000000000000000000348,24674044.0,,1.2983473199586352e+16,,0x6e183458600e66047a0f4d356d9daa480da1ca59
25773839,base,0xb6318c67b435fb2c9736df18fbea5bd806bca92b91e8647815424097a64943f1,0x859160db5841e5cfb8d3f144c6b3381a85a4b410,0x0a1a3b5f2041f33522c4efc754a7d096f880ee16,0x0000000000000000000000000000000000000348,6261394367899940.0,,21352861.0,,0x6e183458600e66047a0f4d356d9daa480da1ca59
26344317,base,0x12a35d03468632317048dd28a05abf08f524d374b7a8471128d930dc591cb3f8,0x0a1a3b5f2041f33522c4efc754a7d096f880ee16,0x859160db5841e5cfb8d3f144c6b3381a85a4b410,0x0000000000000000000000000000000000000348,33773.0,,13695391572009.0,,0x6e183458600e66047a0f4d356d9daa480da1ca59
26305131,base,0x06d1a3240a9acd2d19d1582eca397b16f22f3e600e123effb45fc9f151ebfdc2,0x859160db5841e5cfb8d3f144c6b3381a85a4b410,0x0a1a3b5f2041f33522c4efc754a7d096f880ee16,0x0000000000000000000000000000000000000348,6476879637510664.0,,18038371.0,,0x6e183458600e66047a0f4d356d9daa480da1ca59
25880255,base,0xaef57e8cdda26f30668f817628f2bdbce9bde9168eb297845c584399caffc114,0x3f0d3fd87a42bdaa3dfcc13ada42ea922e638a7a,0x358f25f82644eabb441d0df4af8746614fb9ea49,0x0000000000000000000000000000000000000348,68278.0,,2.4303123016866696e+16,,0x6e183458600e66047a0f4d356d9daa480da1ca59
25090618,base,0x8873caf7199094c412c79c2ddd435269aceca4a6513fe998a6a7b16a44c3534f,0x859160db5841e5cfb8d3f144c6b3381a85a4b410,0x0a1a3b5f2041f33522c4efc754a7d096f880ee16,0x0000000000000000000000000000000000000348,6805902541117913.0,,23357035.0,,0x6e183458600e66047a0f4d356d9daa480da1ca59
25855963,base,0xff35e121eb56c59fd008a216bb540a990a6a60e6cc1c7746649e90d93abee89b,0x0a1a3b5f2041f33522c4efc754a7d096f880ee16,0x859160db5841e5cfb8d3f144c6b3381a85a4b410,0x0000000000000000000000000000000000000348,19821302.0,,6495426626476440.0,,0x6e183458600e66047a0f4d356d9daa480da1ca59
26344217,base,0xf0aa256f1a55b7c9f58b0159ff918f90671dc73622892312dd66b35445b5ce06,0x882018411bc4a020a879cee183441fc9fa5d7f8b,0x5fe2de3e565a6a501a4ec44aab8664b1d674ac25,0x0000000000000000000000000000000000000348,32603.0,,4.554172988649691e+19,,0x6e183458600e66047a0f4d356d9daa480da1ca59
25879600,base,0xe0ca91ccdaeb8cd68a321b960e1d2d27a53e9c77994cebe95f4eef21aedaf309,0x0a1a3b5f2041f33522c4efc754a7d096f880ee16,0x859160db5841e5cfb8d3f144c6b3381a85a4b410,0x0000000000000000000000000000000000000348,62864407.0,,3.2029012586190384e+16,,0x6e183458600e66047a0f4d356d9daa480da1ca59
21617503,ethereum,0x1d691f8515561522137a88e0523d123d0963a3ad8d94f81f42b66d88607880e0,0x998d761ec1badaceb064624cc3a1d37a46c88ba4,0xd8b27cf359b7d15710a5be299af6e7bf904984c2,0x0000000000000000000000000000000000000348,9983.0,9.191705435433544,3325760935932236.0,10.024320652042652,0x83b3b76873d36a28440cf53371df404c42497136
26304761,base,0x3015548292aa9528ea3a55583e783e92b1870a2412ef5e4a58264dd916cb970b,0x859160db5841e5cfb8d3f144c6b3381a85a4b410,0x0a1a3b5f2041f33522c4efc754a7d096f880ee16,0x0000000000000000000000000000000000000348,9.215757850219938e+16,,251697916.0,,0x6e183458600e66047a0f4d356d9daa480da1ca59
25766266,base,0x91be0ff7d0cc8348df2059e908163dfddd8d63efc6305b384d67dc552dd4932e,0x859160db5841e5cfb8d3f144c6b3381a85a4b410,0x0a1a3b5f2041f33522c4efc754a7d096f880ee16,0x0000000000000000000000000000000000000348,6422661062380716.0,,21307415.0,,0x6e183458600e66047a0f4d356d9daa480da1ca59
25130946,base,0xd7eb69c8ce733901302076447379b7f48025553de2430448a668fcb8ff02aeb6,0x5fe2de3e565a6a501a4ec44aab8664b1d674ac25,0x859160db5841e5cfb8d3f144c6b3381a85a4b410,0x0000000000000000000000000000000000000348,5.717588479345609e+18,,2363952593333319.0,,0x6e183458600e66047a0f4d356d9daa480da1ca59
25766626,base,0x9d343ad31d0b02e27672e6670e7f8e6fc2f330749a2c118be0d21da89001c863,0x859160db5841e5cfb8d3f144c6b3381a85a4b410,0x0a1a3b5f2041f33522c4efc754a7d096f880ee16,0x0000000000000000000000000000000000000348,6395917263877139.0,,21314401.0,,0x6e183458600e66047a0f4d356d9daa480da1ca59
25878947,base,0x4485887bf859a55431386f332a091b15b7e336f46ba4c28d2b7ca043e637fc1d,0x0a1a3b5f2041f33522c4efc754a7d096f880ee16,0x8b70a855b057ca85f38ebb2a7399d9fe0bdc1046,0x0000000000000000000000000000000000000348,541502151.0,,1.7975951990600867e+17,,0x6e183458600e66047a0f4d356d9daa480da1ca59
25865588,base,0x1709fa77c9fe2c5684c2a7767d57bb47b557361ccc1a662aabbe997b2aa89cc9,0x0a1a3b5f2041f33522c4efc754a7d096f880ee16,0x859160db5841e5cfb8d3f144c6b3381a85a4b410,0x0000000000000000000000000000000000000348,22101143.0,,7584697519431277.0,,0x6e183458600e66047a0f4d356d9daa480da1ca59
25197557,base,0xccbe6d2c288928ba3d11ce19da3c2f5e5ba3a9adca9144c7a4fdbfd8d3d7c0ee,0x882018411bc4a020a879cee183441fc9fa5d7f8b,0x859160db5841e5cfb8d3f144c6b3381a85a4b410,0x0000000000000000000000000000000000000348,14902.0,,4681034469047728.0,,0x6e183458600e66047a0f4d356d9daa480da1ca59
25866218,base,0xe2d9fc33df4acb2202028da56eda6aa12b4e39a5a40c9266b6e29f3e606cf361,0x0a1a3b5f2041f33522c4efc754a7d096f880ee16,0x859160db5841e5cfb8d3f144c6b3381a85a4b410,0x0000000000000000000000000000000000000348,22056300.0,,7584789783691176.0,,0x6e183458600e66047a0f4d356d9daa480da1ca59
25865588,base,0x75805b0ae32b7cecbafb4d4647579c9232392773d0cfdaab186305bbaac3bf8b,0x0a1a3b5f2041f33522c4efc754a7d096f880ee16,0x859160db5841e5cfb8d3f144c6b3381a85a4b410,0x0000000000000000000000000000000000000348,20295711.0,,6986643375937136.0,,0x6e183458600e66047a0f4d356d9daa480da1ca59
20674390,ethereum,0x52928171d950ad5e8fb1ee56e4a9ab6cfd1c501776980762ee73d8ec479c49c2,0x797dd80692c3b2dadabce8e30c07fde5307d48a9,0xb3b36220fa7d12f7055dab5c9fd18e860e9a6bf8,0x0000000000000000000000000000000000000348,426013075.0,425.98572070045424,1.813918144537915e+17,429.20517182884726,0x83b3b76873d36a28440cf53371df404c42497136
25176568,base,0x04c637b35d3cbbb807bace438d3082bc4bb0bb1ee1d5dc37013ece02be5dc0ea,0x882018411bc4a020a879cee183441fc9fa5d7f8b,0x0a1a3b5f2041f33522c4efc754a7d096f880ee16,0x0000000000000000000000000000000000000348,10104.0,,10652116.0,,0x6e183458600e66047a0f4d356d9daa480da1ca59
25878341,base,0xfd5d7a567d680cb6c2ea1326618a1718a42339562e587d3fb56563e0b66ae53d,0x0a1a3b5f2041f33522c4efc754a7d096f880ee16,0x882018411bc4a020a879cee183441fc9fa5d7f8b,0x0000000000000000000000000000000000000348,47828054.0,,50759.0,,0x6e183458600e66047a0f4d356d9daa480da1ca59
25880978,base,0x9af3b43a71f57180090b338496d7ebcda5a009d679f5b7427de67374c51ede53,0x0a1a3b5f2041f33522c4efc754a7d096f880ee16,0x859160db5841e5cfb8d3f144c6b3381a85a4b410,0x0000000000000000000000000000000000000348,21077012.0,,8698909855461033.0,,0x6e183458600e66047a0f4d356d9daa480da1ca59
21339286,ethereum,0xf06e4adfb5da0c916ba7698dd34ab9fc365ba5b8fdc863a1a1c276ab5af5332f,0x056f3a2e41d2778d3a0c0714439c53af2987718e,0x998d761ec1badaceb064624cc3a1d37a46c88ba4,0x0000000000000000000000000000000000000348,358701730.0,354965.12489140994,387423150.0,364324.3135132757,0x83b3b76873d36a28440cf53371df404c42497136
25626580,base,0x1b927085b0e12da1fa58439ed87dbe02996e4f0096f7d7ee198fb64e37db5f88,0x859160db5841e5cfb8d3f144c6b3381a85a4b410,0x0a1a3b5f2041f33522c4efc754a7d096f880ee16,0x0000000000000000000000000000000000000348,5501618088636000.0,,17786767.0,,0x6e183458600e66047a0f4d356d9daa480da1ca59
21637981,ethereum,0xd40ec4e296fcdcd794613a5112f0b10fe397d7640b6210ca4d4917682e364e47,0x298966b32c968884f716f762f6759e8e5811ae14,0x797dd80692c3b2dadabce8e30c07fde5307d48a9,0x0000000000000000000000000000000000000348,7.021757487572878e+18,7.021757487572878,7963091.0,8.07905447004617,0x83b3b76873d36a28440cf53371df404c42497136
25062426,base,0x2440c9245af53ebe91ef2c95ea81b11fd5b4a1dbfb3368128ee9d57c25e155b2,0x882018411bc4a020a879cee183441fc9fa5d7f8b,0x0a1a3b5f2041f33522c4efc754a7d096f880ee16,0x0000000000000000000000000000000000000348,17209.0,,16794847.0,,0x6e183458600e66047a0f4d356d9daa480da1ca59
26232053,base,0x54cb4d36748fc5ceb97a9c85022fea07caafebb84c657c8786efd0418354ad7f,0x859160db5841e5cfb8d3f144c6b3381a85a4b410,0x0a1a3b5f2041f33522c4efc754a7d096f880ee16,0x0000000000000000000000000000000000000348,8673172517775353.0,,23570283.0,,0x6e183458600e66047a0f4d356d9daa480da1ca59
21572763,ethereum,0x2170a84aa4643aa77714bdb0673c4450e9d0a63295d10b3d37359ef7c0dfcdbb,0x056f3a2e41d2778d3a0c0714439c53af2987718e,0xbc4b4ac47582c3e38ce5940b80da65401f4628f1,0x0000000000000000000000000000000000000348,413.0,0.4226271489375985,99993317708387.0,0.43259754849667026,0x83b3b76873d36a28440cf53371df404c42497136
21557753,ethereum,0x95cd637d29cb1e4923cfab78f5bd5d09f7e1abf3d1856ae10816589343a0ca54,0x056f3a2e41d2778d3a0c0714439c53af2987718e,0x797dd80692c3b2dadabce8e30c07fde5307d48a9,0x0000000000000000000000000000000000000348,20337.0,19.97758189888937,20827176.0,21.08230933159743,0x83b3b76873d36a28440cf53371df404c42497136
21764870,ethereum,0x3bab6deb522e4576f4f00d4ac1d6f752698c810296c136cd2808d78290a8202b,0x797dd80692c3b2dadabce8e30c07fde5307d48a9,0xd8b27cf359b7d15710a5be299af6e7bf904984c2,0x0000000000000000000000000000000000000348,216584040.0,216.5911937708412,9.927829240687656e+16,254.81316997588831,0x83b3b76873d36a28440cf53371df404c42497136
25773839,base,0xcfdaf7353c2ba89ec02b7f0ffb477bde92c83c6b2842d3e437d2d84ab81878df,0x859160db5841e5cfb8d3f144c6b3381a85a4b410,0x0a1a3b5f2041f33522c4efc754a7d096f880ee16,0x0000000000000000000000000000000000000348,5005233883577612.0,,17069278.0,,0x6e183458600e66047a0f4d356d9daa480da1ca59
26305105,base,0x1e2bf2c82f2acd77b7bd4bb4cb2fb05bf65624e3e2937601cba1f1807d52e7fe,0x859160db5841e5cfb8d3f144c6b3381a85a4b410,0x0a1a3b5f2041f33522c4efc754a7d096f880ee16,0x0000000000000000000000000000000000000348,6100415031460145.0,,16913210.0,,0x6e183458600e66047a0f4d356d9daa480da1ca59
21593528,ethereum,0x62b80af6562f4bc6e93eea972826db77ff8fb7530149824a965e5c957f842d71,0xe0a80d35bb6618cba260120b279d357978c42bce,0x6d671b9c618d5486814feb777552ba723f1a235c,0x0000000000000000000000000000000000000348,17580103387.0,17580.09125672866,2.0358117050877875e+22,18737.778073768983,0xa77a6ceabd36b261c4ddea5a7528efed7299f627
25719904,base,0x01f6f7c9820da6ce1e778db74e3f6e949c5e8eaa7de69b212f8f32960da7cf4a,0x859160db5841e5cfb8d3f144c6b3381a85a4b410,0x0a1a3b5f2041f33522c4efc754a7d096f880ee16,0x0000000000000000000000000000000000000348,6563955518802323.0,,21058047.0,,0x6e183458600e66047a0f4d356d9daa480da1ca59
25021370,base,0xc24cd75cd887b98b2bd10bb24cd93c32b37396752ee4c85c636575138403df0b,0x882018411bc4a020a879cee183441fc9fa5d7f8b,0x0a1a3b5f2041f33522c4efc754a7d096f880ee16,0x0000000000000000000000000000000000000348,19707.0,,18823497.0,,0x6e183458600e66047a0f4d356d9daa480da1ca59
25883973,base,0xbf8db9cc538fecbc1fa7ef2699cd8cca9893b6a0a35f8ab96f06182a2b0c06de,0x0a1a3b5f2041f33522c4efc754a7d096f880ee16,0x859160db5841e5cfb8d3f144c6b3381a85a4b410,0x0000000000000000000000000000000000000348,5429003.0,,2260539856261240.0,,0x6e183458600e66047a0f4d356d9daa480da1ca59
25768357,base,0x6ebd02fc85c5e2b9f8f2dcc024cc5ffb5cfb4ab3eaddecdd7ff62a5755eb9caf,0x859160db5841e5cfb8d3f144c6b3381a85a4b410,0x0a1a3b5f2041f33522c4efc754a7d096f880ee16,0x0000000000000000000000000000000000000348,7431342267536600.0,,24920343.0,,0x6e183458600e66047a0f4d356d9daa480da1ca59
25726810,base,0x49d8e0ceb52a7e326237ec21cd57cb6cf20e2c11360d7bec1e3b567a6c08fac3,0x859160db5841e5cfb8d3f144c6b3381a85a4b410,0x0a1a3b5f2041f33522c4efc754a7d096f880ee16,0x0000000000000000000000000000000000000348,8857732178241444.0,,28793002.0,,0x6e183458600e66047a0f4d356d9daa480da1ca59
25880082,base,0xd1b7a7ce029e03058293ace42a268fcc2655b4542191879e784bcab2091c20cd,0x0a1a3b5f2041f33522c4efc754a7d096f880ee16,0x7b181d6509deabfbd1a23af1e65fd46e89572609,0x0000000000000000000000000000000000000348,2554793395.0,,8.721256555162065e+17,,0x6e183458600e66047a0f4d356d9daa480da1ca59
26382862,base,0x9e562273de0b0fefdd02473014816934c60e8632c184de72d5b1a504729e412f,0x859160db5841e5cfb8d3f144c6b3381a85a4b410,0x0a1a3b5f2041f33522c4efc754a7d096f880ee16,0x0000000000000000000000000000000000000348,7848556244393291.0,,21606285.0,,0x6e183458600e66047a0f4d356d9daa480da1ca59
25884331,base,0x2bd2343ec82b2cec58bb452b4a8eaa1523c1559ba5ec27450758e5c10cd29385,0x0a1a3b5f2041f33522c4efc754a7d096f880ee16,0x882018411bc4a020a879cee183441fc9fa5d7f8b,0x0000000000000000000000000000000000000348,3843218.0,,4282.0,,0x6e183458600e66047a0f4d356d9daa480da1ca59
25008964,base,0x79274b8bb566ec9e85f4faae71f30f14a2e20f3f380adc963e33827d2d91cbb6,0x859160db5841e5cfb8d3f144c6b3381a85a4b410,0x0a1a3b5f2041f33522c4efc754a7d096f880ee16,0x0000000000000000000000000000000000000348,5911210128022998.0,,18588208.0,,0x6e183458600e66047a0f4d356d9daa480da1ca59
25855958,base,0x882036f495296c1b71bdc5b4e120298a5f29d74567a1a8516cf07b73ceec01fd,0x0a1a3b5f2041f33522c4efc754a7d096f880ee16,0x859160db5841e5cfb8d3f144c6b3381a85a4b410,0x0000000000000000000000000000000000000348,19907229.0,,6715536346671723.0,,0x6e183458600e66047a0f4d356d9daa480da1ca59
25885877,base,0xfff2c5b27279c80478b914c4cf66fb5ce1e8fcb9bfd35a0f77673bc182391125,0x882018411bc4a020a879cee183441fc9fa5d7f8b,0x859160db5841e5cfb8d3f144c6b3381a85a4b410,0x0000000000000000000000000000000000000348,909.0,,377088249375764.0,,0x6e183458600e66047a0f4d356d9daa480da1ca59
25880202,base,0x5491689c2430116cd3187ef00c3c06b1bfa52570b5d3419ce63aa74f052af259,0x0a1a3b5f2041f33522c4efc754a7d096f880ee16,0x859160db5841e5cfb8d3f144c6b3381a85a4b410,0x0000000000000000000000000000000000000348,19623999.0,,8462414416397161.0,,0x6e183458600e66047a0f4d356d9daa480da1ca59
25008925,base,0xbce9c2274d4c896ec7fcde5fb75855d531e4596d1c6be677c2ba91c1ccfdee05,0x859160db5841e5cfb8d3f144c6b3381a85a4b410,0x0a1a3b5f2041f33522c4efc754a7d096f880ee16,0x0000000000000000000000000000000000000348,6794847545545088.0,,21438390.0,,0x6e183458600e66047a0f4d356d9daa480da1ca59
25768483,base,0x5229ad65716a65b08234e268b07b1acbb5248913816c082a1d8ede4719894465,0x859160db5841e5cfb8d3f144c6b3381a85a4b410,0x0a1a3b5f2041f33522c4efc754a7d096f880ee16,0x0000000000000000000000000000000000000348,6320498172608559.0,,21257927.0,,0x6e183458600e66047a0f4d356d9daa480da1ca59
26305041,base,0x56658e682e0911d4c9dba6aa7a4be3039d873d421aaae17e2b6c40051862620c,0x859160db5841e5cfb8d3f144c6b3381a85a4b410,0x0a1a3b5f2041f33522c4efc754a7d096f880ee16,0x0000000000000000000000000000000000000348,6097475778180438.0,,16852238.0,,0x6e183458600e66047a0f4d356d9daa480da1ca59
25880453,base,0xcf1249f0f273649a00238ce5a783833ba3a56dea0748e7341a93b3857831aa5c,0x0a1a3b5f2041f33522c4efc754a7d096f880ee16,0x859160db5841e5cfb8d3f144c6b3381a85a4b410,0x0000000000000000000000000000000000000348,19780739.0,,8373686011861306.0,,0x6e183458600e66047a0f4d356d9daa480da1ca59
25759451,base,0x948ab4a68f9b5c6fe3668611a1cb4c68dc91a17e0e8cd9cb52905c1f1d6f459e,0x859160db5841e5cfb8d3f144c6b3381a85a4b410,0x0a1a3b5f2041f33522c4efc754a7d096f880ee16,0x0000000000000000000000000000000000000348,420234974214707.0,,1396927.0,,0x6e183458600e66047a0f4d356d9daa480da1ca59
25855960,base,0x5e4e339c3466c1f3a66979d8b06375684d5d6313d92d26f792a891b7f89e3541,0x0a1a3b5f2041f33522c4efc754a7d096f880ee16,0x859160db5841e5cfb8d3f144c6b3381a85a4b410,0x0000000000000000000000000000000000000348,13141757.0,,4405503444303201.0,,0x6e183458600e66047a0f4d356d9daa480da1ca59
25774184,base,0xbdcaa231c921166049e9e4c702a1e1e84230effa10f800004733c36c6303633f,0x859160db5841e5cfb8d3f144c6b3381a85a4b410,0x0a1a3b5f2041f33522c4efc754a7d096f880ee16,0x0000000000000000000000000000000000000348,6307972505857843.0,,21562877.0,,0x6e183458600e66047a0f4d356d9daa480da1ca59
26305131,base,0x84c038e9e86a7033bb5cf2699e072c85c1e7adbab069615ce7239d1140fe31be,0x859160db5841e5cfb8d3f144c6b3381a85a4b410,0x0a1a3b5f2041f33522c4efc754a7d096f880ee16,0x0000000000000000000000000000000000000348,6332843336739816.0,,17619025.0,,0x6e183458600e66047a0f4d356d9daa480da1ca59
25773842,base,0xed775bcf8380d7940a5e0c86cd11bd2078d9a630e91ae1047e983f41186fec92,0x859160db5841e5cfb8d3f144c6b3381a85a4b410,0x0a1a3b5f2041f33522c4efc754a7d096f880ee16,0x0000000000000000000000000000000000000348,5018398511668399.0,,17057453.0,,0x6e183458600e66047a0f4d356d9daa480da1ca59
25726817,base,0xa9f13724cf57420ea31e49cf48bb28097d9a8b4613d987c5b127fd8d4e7da9e7,0x859160db5841e5cfb8d3f144c6b3381a85a4b410,0x0a1a3b5f2041f33522c4efc754a7d096f880ee16,0x0000000000000000000000000000000000000348,6499263417305737.0,,21080391.0,,0x6e183458600e66047a0f4d356d9daa480da1ca59
25008951,base,0xc6ddaac0c9189ea0818e7856a67e55f0aa91f69d02c39be0d4f73ff74c6910c5,0x859160db5841e5cfb8d3f144c6b3381a85a4b410,0x0a1a3b5f2041f33522c4efc754a7d096f880ee16,0x0000000000000000000000000000000000000348,8147418967264884.0,,25664101.0,,0x6e183458600e66047a0f4d356d9daa480da1ca59
25880804,base,0xfe91bcb9dfbcc8cca808d5198b4b7f4f4d7c0562de7983f66b968768aadf2adf,0x0a1a3b5f2041f33522c4efc754a7d096f880ee16,0x859160db5841e5cfb8d3f144c6b3381a85a4b410,0x0000000000000000000000000000000000000348,19817557.0,,8080940524743971.0,,0x6e183458600e66047a0f4d356d9daa480da1ca59
25855960,base,0xe766c2531272caa749bd097f559c953b33e5fd535d037e090e32899aebf4b6fd,0x0a1a3b5f2041f33522c4efc754a7d096f880ee16,0x859160db5841e5cfb8d3f144c6b3381a85a4b410,0x0000000000000000000000000000000000000348,22834105.0,,7585678779892274.0,,0x6e183458600e66047a0f4d356d9daa480da1ca59
25870989,base,0x64c816ac4134cb55e2f8e60cafcf42f9c7073b495913a9c4db034cade5bf979f,0x0a1a3b5f2041f33522c4efc754a7d096f880ee16,0x859160db5841e5cfb8d3f144c6b3381a85a4b410,0x0000000000000000000000000000000000000348,19810885.0,,6765141875988240.0,,0x6e183458600e66047a0f4d356d9daa480da1ca59
25091570,base,0xd9288bfecc836af0ad89be048881ffe0f5a75db57ef028566d729bb9d3ebfa17,0x859160db5841e5cfb8d3f144c6b3381a85a4b410,0x0a1a3b5f2041f33522c4efc754a7d096f880ee16,0x0000000000000000000000000000000000000348,7369254127980801.0,,25617651.0,,0x6e183458600e66047a0f4d356d9daa480da1ca59
21580370,ethereum,0x7972d1b40ca4584a48c3fab3a4c070e5cf070e4c41281b9673f820ac2f475a24,0x797dd80692c3b2dadabce8e30c07fde5307d48a9,0xb3b36220fa7d12f7055dab5c9fd18e860e9a6bf8,0x0000000000000000000000000000000000000348,23827980.0,23.8252455010152,8339359749728959.0,28.029700589429645,0x83b3b76873d36a28440cf53371df404c42497136
26219303,base,0xd6622c23bdcbeb47b4559da645ce8ab1626561332065ba2a9a236571c3286e8e,0x0a1a3b5f2041f33522c4efc754a7d096f880ee16,0x859160db5841e5cfb8d3f144c6b3381a85a4b410,0x0000000000000000000000000000000000000348,3995185.0,,1762928840817984.0,,0x6e183458600e66047a0f4d356d9daa480da1ca59
25878342,base,0x951709d937ed1bf131a73ea493f0b63d5d106c80c731d753262e0ff4fec2a992,0x0a1a3b5f2041f33522c4efc754a7d096f880ee16,0x882018411bc4a020a879cee183441fc9fa5d7f8b,0x0000000000000000000000000000000000000348,21969838.0,,23181.0,,0x6e183458600e66047a0f4d356d9daa480da1ca59
25729797,base,0xc323a3d4610cc559503b4a1613254a3f3306a60030b541c6fad8c00aa2db778b,0x859160db5841e5cfb8d3f144c6b3381a85a4b410,0x0a1a3b5f2041f33522c4efc754a7d096f880ee16,0x0000000000000000000000000000000000000348,6513731592436903.0,,21398121.0,,0x6e183458600e66047a0f4d356d9daa480da1ca59
25863048,base,0x196db12076b81224d15e4b01f164888407b7d189ff169350eb414820a32e73d6,0x0a1a3b5f2041f33522c4efc754a7d096f880ee16,0x859160db5841e5cfb8d3f144c6b3381a85a4b410,0x0000000000000000000000000000000000000348,35196024.0,,1.1765650264850738e+16,,0x6e183458600e66047a0f4d356d9daa480da1ca59
25865588,base,0x3c1b11db4764c61475c16626bfbc0e11e23d794e87bf91a76cd4bd0562a48b3c,0x0a1a3b5f2041f33522c4efc754a7d096f880ee16,0x859160db5841e5cfb8d3f144c6b3381a85a4b410,0x0000000000000000000000000000000000000348,17785723.0,,6130406291436606.0,,0x6e183458600e66047a0f4d356d9daa480da1ca59
25879068,base,0x1f31ec221c3da383fe1089661fae1d1ad249d70d26f5252517f25944f4474de8,0x0a1a3b5f2041f33522c4efc754a7d096f880ee16,0x8b70a855b057ca85f38ebb2a7399d9fe0bdc1046,0x0000000000000000000000000000000000000348,11025289366.0,,3.7279926403326397e+18,,0x6e183458600e66047a0f4d356d9daa480da1ca59
25032928,base,0x3a11fbf95dd53138598c060b3e56286b7f0232b2314a35e299799bb35a846dd9,0x882018411bc4a020a879cee183441fc9fa5d7f8b,0x0a1a3b5f2041f33522c4efc754a7d096f880ee16,0x0000000000000000000000000000000000000348,20083.0,,19506351.0,,0x6e183458600e66047a0f4d356d9daa480da1ca59
25080168,base,0x6adeffae2ac1aa644a76f91f7596a82334ccfaaab17bb43fa42aa575937c190d,0x3f0d3fd87a42bdaa3dfcc13ada42ea922e638a7a,0x0a1a3b5f2041f33522c4efc754a7d096f880ee16,0x0000000000000000000000000000000000000348,20829.0,,20754120.0,,0x6e183458600e66047a0f4d356d9daa480da1ca59
26174104,base,0x3b34e23c835cedd208fa4f6cafbae0a79f25a803d4b99bfb2b51666de2e8e3f0,0x0a1a3b5f2041f33522c4efc754a7d096f880ee16,0x859160db5841e5cfb8d3f144c6b3381a85a4b410,0x0000000000000000000000000000000000000348,13559368.0,,5326039705601943.0,,0x6e183458600e66047a0f4d356d9daa480da1ca59
21573389,ethereum,0x13c48fc8f235370eb111c7f1e11efe04b749b63ca1a556924585d8d108df9a65,0x797dd80692c3b2dadabce8e30c07fde5307d48a9,0xf6e2efdf175e7a91c8847dade42f2d39a9ae57d4,0x0000000000000000000000000000000000000348,193366001063.0,193359.14817192234,4.659186462730142e+19,195343.3405298035,0x83b3b76873d36a28440cf53371df404c42497136
20694111,ethereum,0xdcde4afdcd2d580d38252d0867dfbaed77fdc32beb20aa14eb3e674be380894e,0x797dd80692c3b2dadabce8e30c07fde5307d48a9,0xf6e2efdf175e7a91c8847dade42f2d39a9ae57d4,0x0000000000000000000000000000000000000348,101680464580.0,101680.68726021743,4.0335398260534256e+19,102661.25633473074,0x83b3b76873d36a28440cf53371df404c42497136
26304777,base,0x5ef43c4a6ec2b12db44eee355865c8b661349b89a3a3c949d66248e4161c70ce,0x859160db5841e5cfb8d3f144c6b3381a85a4b410,0x0a1a3b5f2041f33522c4efc754a7d096f880ee16,0x0000000000000000000000000000000000000348,7679320879298665.0,,21076903.0,,0x6e183458600e66047a0f4d356d9daa480da1ca59
25915530,base,0x189552d96811584d02e976eccb47fa4ce591b529855e94bbb716d71395dc72d7,0x859160db5841e5cfb8d3f144c6b3381a85a4b410,0x0a1a3b5f2041f33522c4efc754a7d096f880ee16,0x0000000000000000000000000000000000000348,5951419055453184.0,,17067156.0,,0x6e183458600e66047a0f4d356d9daa480da1ca59
25624905,base,0x9a192ea22bc1e3618977aac47999fe95d781a3f32536f534f30a0cf260935f9a,0x859160db5841e5cfb8d3f144c6b3381a85a4b410,0x0a1a3b5f2041f33522c4efc754a7d096f880ee16,0x0000000000000000000000000000000000000348,6613402892134640.0,,21523597.0,,0x6e183458600e66047a0f4d356d9daa480da1ca59
25880315,base,0x10bb72affb2648abca5314315d1c504c00c02f9bb56efaf6bb8eb1bb525f7f56,0x0a1a3b5f2041f33522c4efc754a7d096f880ee16,0x859160db5841e5cfb8d3f144c6b3381a85a4b410,0x0000000000000000000000000000000000000348,19739865.0,,8656062569143778.0,,0x6e183458600e66047a0f4d356d9daa480da1ca59
25726911,base,0x2d99ebcfc7c5a49b88e3e9fd63258bb6ec576f94458928fcfde445048754c58c,0x859160db5841e5cfb8d3f144c6b3381a85a4b410,0x0a1a3b5f2041f33522c4efc754a7d096f880ee16,0x0000000000000000000000000000000000000348,7186367610189049.0,,23431867.0,,0x6e183458600e66047a0f4d356d9daa480da1ca59
26088250,base,0xd3f1506b4d0efbf34903b483c9df855cf3ef8b51a00941f82815619c17b59c8b,0x882018411bc4a020a879cee183441fc9fa5d7f8b,0x859160db5841e5cfb8d3f144c6b3381a85a4b410,0x0000000000000000000000000000000000000348,20777.0,,7745047178271119.0,,0x6e183458600e66047a0f4d356d9daa480da1ca59
25008616,base,0x1163ea2ade84e624e7bc1f760beb9c7b0309e533f07862e33d0f572e4a68b552,0x859160db5841e5cfb8d3f144c6b3381a85a4b410,0x0a1a3b5f2041f33522c4efc754a7d096f880ee16,0x0000000000000000000000000000000000000348,6798868708428299.0,,21277654.0,,0x6e183458600e66047a0f4d356d9daa480da1ca59
25911316,base,0xc8e0728224a49a6c5feb759ed8e1c6171f3e83431ffd8f0affae483c55478cb9,0x859160db5841e5cfb8d3f144c6b3381a85a4b410,0x0a1a3b5f2041f33522c4efc754a7d096f880ee16,0x0000000000000000000000000000000000000348,1752250143598971.0,,5010071.0,,0x6e183458600e66047a0f4d356d9daa480da1ca59
25038211,base,0x3c6367df8bbbcc8c12854e589fe45957862cee44faa66e109f4cc51f371210fb,0x882018411bc4a020a879cee183441fc9fa5d7f8b,0x0a1a3b5f2041f33522c4efc754a7d096f880ee16,0x0000000000000000000000000000000000000348,7180.0,,6984957.0,,0x6e183458600e66047a0f4d356d9daa480da1ca59
25726812,base,0x59bb3a65501b75c2b531ff83e1bd2e83ed4ede1ad2f7bda9b83cc63215dac5d3,0x859160db5841e5cfb8d3f144c6b3381a85a4b410,0x0a1a3b5f2041f33522c4efc754a7d096f880ee16,0x0000000000000000000000000000000000000348,5988854536491649.0,,19446199.0,,0x6e183458600e66047a0f4d356d9daa480da1ca59
25871239,base,0x048958f0f2b3deadb6449f7cd3509e2add7585afb1f392dece5a300eda6002f5,0x0a1a3b5f2041f33522c4efc754a7d096f880ee16,0x859160db5841e5cfb8d3f144c6b3381a85a4b410,0x0000000000000000000000000000000000000348,19921187.0,,6858545125733651.0,,0x6e183458600e66047a0f4d356d9daa480da1ca59
25769493,base,0x3ef834f37286b9457036855d06366dbae419ff116e9851202130eae7bf27dca3,0x859160db5841e5cfb8d3f144c6b3381a85a4b410,0x882018411bc4a020a879cee183441fc9fa5d7f8b,0x0000000000000000000000000000000000000348,6973731706599759.0,,22436.0,,0x6e183458600e66047a0f4d356d9daa480da1ca59
24564929,base,0xaf30196b82b8b3426e210c59dd417a243b21a937e6f4ba2ba6885734d7ba36ec,0x0a1a3b5f2041f33522c4efc754a7d096f880ee16,0x882018411bc4a020a879cee183441fc9fa5d7f8b,0x0000000000000000000000000000000000000348,4393635.0,,4885.0,,0x6e183458600e66047a0f4d356d9daa480da1ca59
25178735,base,0xcb01f48c96708819c34eac6e53ed35d9e0ed053b302fd6354b46af196d34ad00,0x859160db5841e5cfb8d3f144c6b3381a85a4b410,0x0a1a3b5f2041f33522c4efc754a7d096f880ee16,0x0000000000000000000000000000000000000348,6023570856465465.0,,21189953.0,,0x6e183458600e66047a0f4d356d9daa480da1ca59
25866099,base,0xe841c0c71078bec1508b85ec3de87c788af6b464ed6ed6edd122acf04830f535,0x0a1a3b5f2041f33522c4efc754a7d096f880ee16,0x859160db5841e5cfb8d3f144c6b3381a85a4b410,0x0000000000000000000000000000000000000348,20390902.0,,7067885098470272.0,,0x6e183458600e66047a0f4d356d9daa480da1ca59
25008485,base,0x272456fdbbd532706e111132cbc24b5437bb92b2cba526ac507e556e50aac48f,0x859160db5841e5cfb8d3f144c6b3381a85a4b410,0x0a1a3b5f2041f33522c4efc754a7d096f880ee16,0x0000000000000000000000000000000000000348,271954745926907.0,,851107.0,,0x6e183458600e66047a0f4d356d9daa480da1ca59
25709962,base,0xe86ffa76321cd4848ea6cc1cebe208911e9b589d47d76505c6851f4170b85e9c,0x859160db5841e5cfb8d3f144c6b3381a85a4b410,0x0a1a3b5f2041f33522c4efc754a7d096f880ee16,0x0000000000000000000000000000000000000348,2675800245336790.0,,8578157.0,,0x6e183458600e66047a0f4d356d9daa480da1ca59
26089447,base,0xd0b5f9104eaf125951e6f412e55d9c6fde2e89d82ddc251644af1c89d89a1f7d,0x0a1a3b5f2041f33522c4efc754a7d096f880ee16,0x859160db5841e5cfb8d3f144c6b3381a85a4b410,0x0000000000000000000000000000000000000348,742041.0,,298221239037330.0,,0x6e183458600e66047a0f4d356d9daa480da1ca59
21763441,ethereum,0xaf044cc9304289353ef0c07e6e5012a0906107423c30e4b071290be51aa5ad86,0xbc35161043ee2d74816d421efd6a45fda73b050a,0xd8b27cf359b7d15710a5be299af6e7bf904984c2,0x0000000000000000000000000000000000000348,2259121.0,2129.48585063136,8.99410220498664e+17,2292.2001201818944,0x83b3b76873d36a28440cf53371df404c42497136
25881008,base,0x988a09c21b7c6f28095a8009d31f4dae66c71a51b0b26745e11ee714d780998b,0x3f0d3fd87a42bdaa3dfcc13ada42ea922e638a7a,0x358f25f82644eabb441d0df4af8746614fb9ea49,0x0000000000000000000000000000000000000348,375678.0,,1.3087474065703518e+17,,0x6e183458600e66047a0f4d356d9daa480da1ca59
25880695,base,0xeb9e765dde4d87070e55b5c93c628749c87fcb9cca97c1cb20ae9e7e01a236a9,0x0a1a3b5f2041f33522c4efc754a7d096f880ee16,0x859160db5841e5cfb8d3f144c6b3381a85a4b410,0x0000000000000000000000000000000000000348,20699463.0,,8398015216136523.0,,0x6e183458600e66047a0f4d356d9daa480da1ca59
26219279,base,0xf4a7e015c5fc6de0ba5158be041179a91bc09cef2d85bfddf80cc7c09f984b41,0x0a1a3b5f2041f33522c4efc754a7d096f880ee16,0x859160db5841e5cfb8d3f144c6b3381a85a4b410,0x0000000000000000000000000000000000000348,28942.0,,12771082648829.0,,0x6e183458600e66047a0f4d356d9daa480da1ca59
25880630,base,0xb8062b85dfc40dae8a575b16d2a4b27586b221519623894bf2d9bdcc2eaf166b,0x0a1a3b5f2041f33522c4efc754a7d096f880ee16,0x859160db5841e5cfb8d3f144c6b3381a85a4b410,0x0000000000000000000000000000000000000348,9012691.0,,3765377711612287.0,,0x6e183458600e66047a0f4d356d9daa480da1ca59
21501013,ethereum,0xca9451cb20b14a865fa3bb505db2dca7d56cf14328259d05571fd6f87434cecf,0x298966b32c968884f716f762f6759e8e5811ae14,0x797dd80692c3b2dadabce8e30c07fde5307d48a9,0x0000000000000000000000000000000000000348,9.8484589037247e+21,9848.4589037247,9884226994.0,9989.818493,0x83b3b76873d36a28440cf53371df404c42497136
25880827,base,0x1c864b89d634ee2d84850e7d13ad4d042078f61e9072d7844acde3f2c4323f6b,0x0a1a3b5f2041f33522c4efc754a7d096f880ee16,0x859160db5841e5cfb8d3f144c6b3381a85a4b410,0x0000000000000000000000000000000000000348,19981644.0,,8125401224617402.0,,0x6e183458600e66047a0f4d356d9daa480da1ca59
25880981,base,0xe46e230eb54ffd7610ce56b5c4e4e9db4f529124496dc1bfee77642da132eecf,0x0a1a3b5f2041f33522c4efc754a7d096f880ee16,0x859160db5841e5cfb8d3f144c6b3381a85a4b410,0x0000000000000000000000000000000000000348,10349403.0,,4295571123398146.0,,0x6e183458600e66047a0f4d356d9daa480da1ca59
25766628,base,0x1c443e50142b4a415dd6f057489af028f9c578523732635c657a177183f44098,0x859160db5841e5cfb8d3f144c6b3381a85a4b410,0x0a1a3b5f2041f33522c4efc754a7d096f880ee16,0x0000000000000000000000000000000000000348,6389101400275118.0,,21280077.0,,0x6e183458600e66047a0f4d356d9daa480da1ca59
25080011,base,0xc9aa9b12edcedf6c996545590f5adc9208412ce19ae7ed6ea6cbf3a3e6294e8b,0x882018411bc4a020a879cee183441fc9fa5d7f8b,0x0a1a3b5f2041f33522c4efc754a7d096f880ee16,0x0000000000000000000000000000000000000348,225.0,,224879.0,,0x6e183458600e66047a0f4d356d9daa480da1ca59
25029026,base,0x71696d132711e8eaaa4d7e8485997145c60dbefae2f590a8d9c74005ec945b76,0x859160db5841e5cfb8d3f144c6b3381a85a4b410,0x0a1a3b5f2041f33522c4efc754a7d096f880ee16,0x0000000000000000000000000000000000000348,5769017379581.0,,18734.0,,0x6e183458600e66047a0f4d356d9daa480da1ca59
25624902,base,0x25c7a0e07032f5817e9bb27bed4265afa5162d6bc54bc24a051df71e87f83200,0x859160db5841e5cfb8d3f144c6b3381a85a4b410,0x0a1a3b5f2041f33522c4efc754a7d096f880ee16,0x0000000000000000000000000000000000000348,6998750972353912.0,,22785181.0,,0x6e183458600e66047a0f4d356d9daa480da1ca59
25032893,base,0xb943dd8c797bf94de734b791287100e842eeb7dfa74aaf2f610b3e6fa3b8d842,0x882018411bc4a020a879cee183441fc9fa5d7f8b,0x0a1a3b5f2041f33522c4efc754a7d096f880ee16,0x0000000000000000000000000000000000000348,21878.0,,21204366.0,,0x6e183458600e66047a0f4d356d9daa480da1ca59
20789441,ethereum,0xb5b27a566eb76491650693001a43e79adf527ed60a59c2f66b73399d73a7d285,0xd8b27cf359b7d15710a5be299af6e7bf904984c2,0x797dd80692c3b2dadabce8e30c07fde5307d48a9,0x0000000000000000000000000000000000000348,1.0441075901442709e+17,265.6307333386704,268879224.0,268.87802091433105,0x83b3b76873d36a28440cf53371df404c42497136
26344255,base,0x2be9c22eee12a2cb27d6f77ca32079f92684c8b7c99670c0d780a1f35ecc826b,0x0a1a3b5f2041f33522c4efc754a7d096f880ee16,0x859160db5841e5cfb8d3f144c6b3381a85a4b410,0x0000000000000000000000000000000000000348,13551571.0,,5990446930774501.0,,0x6e183458600e66047a0f4d356d9daa480da1ca59
26219212,base,0x54951905b0750f2398580726f23a6d9b8857ff225b58fdb811de1cb691a3197e,0x0a1a3b5f2041f33522c4efc754a7d096f880ee16,0x859160db5841e5cfb8d3f144c6b3381a85a4b410,0x0000000000000000000000000000000000000348,14561.0,,5850602036774.0,,0x6e183458600e66047a0f4d356d9daa480da1ca59
26249209,base,0x83058da7d58c49aa0fff38ccc9ebd729383c88fda36c969abb7ce27cdacf7a0c,0x0a1a3b5f2041f33522c4efc754a7d096f880ee16,0x859160db5841e5cfb8d3f144c6b3381a85a4b410,0x0000000000000000000000000000000000000348,28341.0,,11982957059338.0,,0x6e183458600e66047a0f4d356d9daa480da1ca59
25726811,base,0xae3b65de1fec89c772c8d9b073235d0f68c07552ff02e3a19a62307d0ddf0b43,0x859160db5841e5cfb8d3f144c6b3381a85a4b410,0x0a1a3b5f2041f33522c4efc754a7d096f880ee16,0x0000000000000000000000000000000000000348,6772410540543563.0,,22000035.0,,0x6e183458600e66047a0f4d356d9daa480da1ca59
25008497,base,0x385151b2834c14f56f0fb0a5d109def449bc8865190db2187533f57b78322dfc,0x859160db5841e5cfb8d3f144c6b3381a85a4b410,0x0a1a3b5f2041f33522c4efc754a7d096f880ee16,0x0000000000000000000000000000000000000348,3348002623341321.0,,10497139.0,,0x6e183458600e66047a0f4d356d9daa480da1ca59
21501676,ethereum,0x98087ab59e524826e304132d39865f520a3886163c0fae7158dda80bd871e892,0x298966b32c968884f716f762f6759e8e5811ae14,0x797dd80692c3b2dadabce8e30c07fde5307d48a9,0x0000000000000000000000000000000000000348,9.223261222824705e+18,9.223261222824705,9463578.0,9.564817,0x83b3b76873d36a28440cf53371df404c42497136
25774187,base,0xb6d9db0d0acbe2f589583dfc61b02c7771d59cc2c272114d93db83eb11992e63,0x859160db5841e5cfb8d3f144c6b3381a85a4b410,0x0a1a3b5f2041f33522c4efc754a7d096f880ee16,0x0000000000000000000000000000000000000348,6213772385151239.0,,21220535.0,,0x6e183458600e66047a0f4d356d9daa480da1ca59
21819251,ethereum,0xee0fbad94d35665c5cc1af0156b0842ebabad02ed06dbf70be5a3875be1c8d9a,0x07f9a54dc5135b9878d6745e267625bf0e206840,0xb3b36220fa7d12f7055dab5c9fd18e860e9a6bf8,0x0000000000000000000000000000000000000348,1.1943281001897193e+18,1.1942010417051236,527390680007518.0,1.4049424020060275,0x83b3b76873d36a28440cf53371df404c42497136
25873116,base,0x0d434998f96a5fe5acc1a09bfd8723116e7c861f6f1ee8a0f871754e24a8e82e,0x882018411bc4a020a879cee183441fc9fa5d7f8b,0x859160db5841e5cfb8d3f144c6b3381a85a4b410,0x0000000000000000000000000000000000000348,16083.0,,5501000220529841.0,,0x6e183458600e66047a0f4d356d9daa480da1ca59
26304773,base,0x2daf59cf931c54890e2c0ae1a38b3f9781c92737d4af28c1022b02fb93155735,0x859160db5841e5cfb8d3f144c6b3381a85a4b410,0x0a1a3b5f2041f33522c4efc754a7d096f880ee16,0x0000000000000000000000000000000000000348,6600614420654478.0,,18204470.0,,0x6e183458600e66047a0f4d356d9daa480da1ca59
21384440,ethereum,0xcd2b6e993969c1a01011bf7159c289c73b3ef46b6404358236069ca114b3dbf8,0xa992d3777282c44ee980e9b0ca9bd0c0e4f737af,0x631d8e808f2c4177a8147eaa39a4f57c47634de8,0xc02aaa39b223fe8d0a0e5c4f27ead9083c756cc2,4.07197038151949e+16,0.040719703815194894,3.4814477585787084e+16,0.041340849338721675,0xa62fa63445fada0e90949778f8c84003f6d69004
25203789,base,0x65e79cf5ad587f266811b018a8dd5dd36f306187889578265105bbf45087c18d,0x882018411bc4a020a879cee183441fc9fa5d7f8b,0x859160db5841e5cfb8d3f144c6b3381a85a4b410,0x0000000000000000000000000000000000000348,25531.0,,8130365513706042.0,,0x6e183458600e66047a0f4d356d9daa480da1ca59
21763424,ethereum,0xf13892147540eb020c42abf3e3e0c0b2aa05173e769ee5e71ead0874f9606963,0x313603fa690301b0caeef8069c065862f9162162,0xd8b27cf359b7d15710a5be299af6e7bf904984c2,0x0000000000000000000000000000000000000348,1068166336.0,1068.0672956173262,4.9304323868695443e+17,1256.5497602268724,0x83b3b76873d36a28440cf53371df404c42497136
21593239,ethereum,0xc2f20a8c6df22779270632917b558075b1f2acd37e0204223c157769008b69e6,0xe0a80d35bb6618cba260120b279d357978c42bce,0x6d671b9c618d5486814feb777552ba723f1a235c,0x0000000000000000000000000000000000000348,8646791881.0,8646.753575711968,9.77025179510372e+21,9058.789484775632,0xa77a6ceabd36b261c4ddea5a7528efed7299f627
26305041,base,0xd74015a747632da5b21e8f2f687d7dd10ebb57c8de6d4fe93e384c59a72a0d5b,0x859160db5841e5cfb8d3f144c6b3381a85a4b410,0x0a1a3b5f2041f33522c4efc754a7d096f880ee16,0x0000000000000000000000000000000000000348,6428890872926427.0,,17767724.0,,0x6e183458600e66047a0f4d356d9daa480da1ca59
25884212,base,0x5c48dc8d49fb9ae86b351830aeefd29ee152c69b2385041685b8cb9faf40a291,0x882018411bc4a020a879cee183441fc9fa5d7f8b,0x859160db5841e5cfb8d3f144c6b3381a85a4b410,0x0000000000000000000000000000000000000348,1272.0,,539923375375452.0,,0x6e183458600e66047a0f4d356d9daa480da1ca59
25864606,base,0x837e3cbd89a32e3e1b40445281e242ff55653a473a7021b52bac50456b010515,0x0a1a3b5f2041f33522c4efc754a7d096f880ee16,0x5fe2de3e565a6a501a4ec44aab8664b1d674ac25,0x0000000000000000000000000000000000000348,12953442.0,,1.5189945712474737e+19,,0x6e183458600e66047a0f4d356d9daa480da1ca59
21762842,ethereum,0x665011452135df67a56a729ccea8da70e43bfbe64c199fe31baf72e343f68ae0,0x313603fa690301b0caeef8069c065862f9162162,0xd8b27cf359b7d15710a5be299af6e7bf904984c2,0x0000000000000000000000000000000000000348,5564780911.0,5564.264944513932,2.476766726460513e+18,6127.462116662737,0x83b3b76873d36a28440cf53371df404c42497136
24528585,base,0xa13c31df18875c951fa3f8fdcf54cdfaa3b050437520fb90acf8729b74133db4,0x9ecd9fbbda32b81dee51adaed28c5c5039c87117,0x3f0d3fd87a42bdaa3dfcc13ada42ea922e638a7a,0x0000000000000000000000000000000000000348,3430700.0,,3649.0,,0x6e183458600e66047a0f4d356d9daa480da1ca59
25006771,base,0x08f9adcb104ef6267ccff5cd289a978b4b2988a09413a62b01c57a65e28c3c5b,0x859160db5841e5cfb8d3f144c6b3381a85a4b410,0x0a1a3b5f2041f33522c4efc754a7d096f880ee16,0x0000000000000000000000000000000000000348,7947991186067694.0,,24735482.0,,0x6e183458600e66047a0f4d356d9daa480da1ca59
25624856,base,0x236deb709c0eba9f849a905f345274f3242919f2387330ff7e2fafe4b874034d,0x859160db5841e5cfb8d3f144c6b3381a85a4b410,0x0a1a3b5f2041f33522c4efc754a7d096f880ee16,0x0000000000000000000000000000000000000348,7937813854252053.0,,25753641.0,,0x6e183458600e66047a0f4d356d9daa480da1ca59
25767705,base,0x4407b01b5e820d483cb9a63561409c5b361f1090e9d1c273ae6ddce41f139b94,0x859160db5841e5cfb8d3f144c6b3381a85a4b410,0x0a1a3b5f2041f33522c4efc754a7d096f880ee16,0x0000000000000000000000000000000000000348,6678476107424872.0,,22424506.0,,0x6e183458600e66047a0f4d356d9daa480da1ca59
21339294,ethereum,0xe43d7a54b357904e43affbf7c2ccb748086cc92948c2b16371335cbd7ade7f60,0x056f3a2e41d2778d3a0c0714439c53af2987718e,0xbc35161043ee2d74816d421efd6a45fda73b050a,0x0000000000000000000000000000000000000348,1548444242.0,1532314.0586742323,1635727784.0,1557098.81046672,0x83b3b76873d36a28440cf53371df404c42497136
25880630,base,0xcf8fca6c9e3826540a06e626aeb380142b7a723211693b70366ab616c018c1e2,0x0a1a3b5f2041f33522c4efc754a7d096f880ee16,0x859160db5841e5cfb8d3f144c6b3381a85a4b410,0x0000000000000000000000000000000000000348,42719549.0,,1.7524227506036734e+16,,0x6e183458600e66047a0f4d356d9daa480da1ca59
25768483,base,0x098129aa2da7fadd99259c236dfac99631029c811fdd6b2a63a1a38e4cacbad8,0x859160db5841e5cfb8d3f144c6b3381a85a4b410,0x0a1a3b5f2041f33522c4efc754a7d096f880ee16,0x0000000000000000000000000000000000000348,7577325751441618.0,,25484557.0,,0x6e183458600e66047a0f4d356d9daa480da1ca59
25576460,base,0x8c2178dc344527804f649e90b0985576918743d4981557c1ed43713c17e6abf9,0x0a1a3b5f2041f33522c4efc754a7d096f880ee16,0x882018411bc4a020a879cee183441fc9fa5d7f8b,0x0000000000000000000000000000000000000348,26440729.0,,26389.0,,0x6e183458600e66047a0f4d356d9daa480da1ca59
25726822,base,0x6ef2e814ba3c0ce8ff62fad9b2b4e6f4066ac7f78494e6ebc3b80931717b23dc,0x859160db5841e5cfb8d3f144c6b3381a85a4b410,0x0a1a3b5f2041f33522c4efc754a7d096f880ee16,0x0000000000000000000000000000000000000348,5979339583037258.0,,19450159.0,,0x6e183458600e66047a0f4d356d9daa480da1ca59
25720296,base,0xd3b7871471decf1239a0ea90e4029b13a99604a6367a40a5fff4f2e6244a347a,0x859160db5841e5cfb8d3f144c6b3381a85a4b410,0x0a1a3b5f2041f33522c4efc754a7d096f880ee16,0x0000000000000000000000000000000000000348,5474925938055992.0,,17638895.0,,0x6e183458600e66047a0f4d356d9daa480da1ca59
25767703,base,0xdec230a685eda5f20450768c3daf669bd299c5d0fdf1df0f324975574d903ebd,0x859160db5841e5cfb8d3f144c6b3381a85a4b410,0x0a1a3b5f2041f33522c4efc754a7d096f880ee16,0x0000000000000000000000000000000000000348,6358661785444500.0,,21371910.0,,0x6e183458600e66047a0f4d356d9daa480da1ca59
25884724,base,0x8b2314115262cc71cf9a9e853a682bcee742f1b976a89c0aff22fe9f29c6bfa4,0x0a1a3b5f2041f33522c4efc754a7d096f880ee16,0x859160db5841e5cfb8d3f144c6b3381a85a4b410,0x0000000000000000000000000000000000000348,34478019.0,,1.4109462016642152e+16,,0x6e183458600e66047a0f4d356d9daa480da1ca59
25880824,base,0x068ce715f6c5634c7246f0b232124ecba7fe9f8a2cae2f7cab515eb6ddcb5fd3,0x0a1a3b5f2041f33522c4efc754a7d096f880ee16,0x5fe2de3e565a6a501a4ec44aab8664b1d674ac25,0x0000000000000000000000000000000000000348,21306305.0,,2.7841335815211864e+19,,0x6e183458600e66047a0f4d356d9daa480da1ca59
21557467,ethereum,0x2915ecb37214aac5fdc64d75dacbd0512ac6d47492d369f56cd75fce902c4e57,0x797dd80692c3b2dadabce8e30c07fde5307d48a9,0xf6e2efdf175e7a91c8847dade42f2d39a9ae57d4,0x0000000000000000000000000000000000000348,22631427043.0,22630.886378207942,5.271499970739172e+18,22681.934114585674,0x83b3b76873d36a28440cf53371df404c42497136
25880976,base,0x69e284b79798f4b95ff842c78edc87facc04d4bd8999145568b06515c7048d46,0x0a1a3b5f2041f33522c4efc754a7d096f880ee16,0x7b181d6509deabfbd1a23af1e65fd46e89572609,0x0000000000000000000000000000000000000348,11960319272.0,,4.088734134613513e+18,,0x6e183458600e66047a0f4d356d9daa480da1ca59
23888465,base,0x51007f4408648c7e7e80546ba2266b440c993fb30ac9692bacfc4035574b35d0,0x9ecd9fbbda32b81dee51adaed28c5c5039c87117,0xd4a805261b28f375fc9c3d89ecd2c952cd130d14,0x0000000000000000000000000000000000000348,3665723.0,,1015463167516958.0,,0x6e183458600e66047a0f4d356d9daa480da1ca59
25008887,base,0x7d9864a51e021ad721767be5064e58b5b1352cb589d1ff33b6d55d3b0e4d4d1f,0x859160db5841e5cfb8d3f144c6b3381a85a4b410,0x0a1a3b5f2041f33522c4efc754a7d096f880ee16,0x0000000000000000000000000000000000000348,6850932391436746.0,,21501991.0,,0x6e183458600e66047a0f4d356d9daa480da1ca59
21592841,ethereum,0x30130cbf1e7d6e6f8dc44ebd5d131da92db7a19d1a8155eba0669b51576a6a01,0xe0a80d35bb6618cba260120b279d357978c42bce,0x6d671b9c618d5486814feb777552ba723f1a235c,0x0000000000000000000000000000000000000348,34575909851.0,34574.475296500284,3.826908851484609e+22,36017.020009343185,0xa77a6ceabd36b261c4ddea5a7528efed7299f627
25866280,base,0x3b012b8ad14dbbcc328dcb9051713aa0e34fdf69aa999be12d3add51e9335e66,0x0a1a3b5f2041f33522c4efc754a7d096f880ee16,0x859160db5841e5cfb8d3f144c6b3381a85a4b410,0x0000000000000000000000000000000000000348,24761548.0,,8523721874072756.0,,0x6e183458600e66047a0f4d356d9daa480da1ca59
25727245,base,0x154425dfa611ac9df2b48502e8e4caf34a8189170da1b3a7493468d8263f28bf,0x859160db5841e5cfb8d3f144c6b3381a85a4b410,0x0a1a3b5f2041f33522c4efc754a7d096f880ee16,0x0000000000000000000000000000000000000348,5283499164742886.0,,17263665.0,,0x6e183458600e66047a0f4d356d9daa480da1ca59
25768753,base,0x49d45f675a105e9d2817835c03763d2b26fcf1009db5c7f692b1d241a89c0392,0x859160db5841e5cfb8d3f144c6b3381a85a4b410,0x0a1a3b5f2041f33522c4efc754a7d096f880ee16,0x0000000000000000000000000000000000000348,5305294208696406.0,,17928067.0,,0x6e183458600e66047a0f4d356d9daa480da1ca59
21764762,ethereum,0xb9846fb99a3cd5f7bead38fbfadc97663e3084fbc597adb03499081743f2ba0b,0xbc35161043ee2d74816d421efd6a45fda73b050a,0xd8b27cf359b7d15710a5be299af6e7bf904984c2,0x0000000000000000000000000000000000000348,1232884.0,1177.1064990051634,4.719755436565322e+17,1226.7333393158387,0x83b3b76873d36a28440cf53371df404c42497136
25750059,base,0x92cc5857e0d378d81b838557ae964f2ec59f3e1c0c06c29251144e15cca51ef6,0x859160db5841e5cfb8d3f144c6b3381a85a4b410,0x0a1a3b5f2041f33522c4efc754a7d096f880ee16,0x0000000000000000000000000000000000000348,1293360128278454.0,,4267224.0,,0x6e183458600e66047a0f4d356d9daa480da1ca59
25880206,base,0x2d40630a2d870360bbcb49ee320815dd968bc8eb1414bd7a6c82582310d8b8a1,0x0a1a3b5f2041f33522c4efc754a7d096f880ee16,0x859160db5841e5cfb8d3f144c6b3381a85a4b410,0x0000000000000000000000000000000000000348,931945.0,,438991834581102.0,,0x6e183458600e66047a0f4d356d9daa480da1ca59
25878910,base,0x0464cf3d912e7acf9b76271703d20fb11492d32aa719a88a5ac0f9d133501df5,0x0a1a3b5f2041f33522c4efc754a7d096f880ee16,0x859160db5841e5cfb8d3f144c6b3381a85a4b410,0x0000000000000000000000000000000000000348,19828541.0,,7347221366204001.0,,0x6e183458600e66047a0f4d356d9daa480da1ca59
21497000,ethereum,0xbacc51ed7492020b13a68539ba7d57ab9afbfb78bdce2cb3a0b0ce40cbb162f3,0x298966b32c968884f716f762f6759e8e5811ae14,0x797dd80692c3b2dadabce8e30c07fde5307d48a9,0x0000000000000000000000000000000000000348,1.700432035710953e+23,170043.2035710953,171349928913.0,173156.08665758808,0x83b3b76873d36a28440cf53371df404c42497136
25871871,base,0x541884fed1a6047ab466f61d255b2fea58bccf8a92361d88655db2a44109a86a,0x0a1a3b5f2041f33522c4efc754a7d096f880ee16,0x9ecd9fbbda32b81dee51adaed28c5c5039c87117,0x0000000000000000000000000000000000000348,56393057.0,,55006607.0,,0x6e183458600e66047a0f4d356d9daa480da1ca59
25767229,base,0xb046a5f526a02143e7063d7a60aa123449b0f2f4524e44cf98bd1ae0cffb9d0e,0x859160db5841e5cfb8d3f144c6b3381a85a4b410,0x0a1a3b5f2041f33522c4efc754a7d096f880ee16,0x0000000000000000000000000000000000000348,6240194084369617.0,,20907476.0,,0x6e183458600e66047a0f4d356d9daa480da1ca59
25774189,base,0x9dbc9027a4fc85b4335ead2cec83a08078a5b667f033c1d581c27c2d5cc3f898,0x859160db5841e5cfb8d3f144c6b3381a85a4b410,0x0a1a3b5f2041f33522c4efc754a7d096f880ee16,0x0000000000000000000000000000000000000348,6214468338488677.0,,21214821.0,,0x6e183458600e66047a0f4d356d9daa480da1ca59
25878919,base,0xfeb3e50fb73d3673b6f4ba57e41f80846882b57312c7ec6f26b9f8788a89b4e4,0x0a1a3b5f2041f33522c4efc754a7d096f880ee16,0x859160db5841e5cfb8d3f144c6b3381a85a4b410,0x0000000000000000000000000000000000000348,21729155.0,,8088987958646757.0,,0x6e183458600e66047a0f4d356d9daa480da1ca59
